month,region,revenue,profit,quantity,profit_margin,revenue_target,target_achievement_pct
2025-11,East,9357597.39,3488435.92,33801,37.27918369012026,291499,3210.16449113033
2025-11,North,10179803.41,3796721.15,36262,37.296605809404326,207679,4901.700898983528
2025-11,South,9433560.74,3609486.53,34649,38.26218571631309,219691,4294.013291395642
2025-11,West,8373713.27,3143300.9899999998,30866,37.537719392199826,385193,2173.9006861495404
